{
  "$schema": "./node_modules/@angular/cli/lib/config/schema.json",
  "project": {
    "name": "Checklist"
  },
  "apps": [
    {
      "name": "Checklist",
      "root": "src",
      "outDir": "wwwroot",
      "assets": [
        "assets"
      ],
      "index": "index.html",
      "main": "main.ts",
      "polyfills": "polyfills.ts",
      "tsconfig": "tsconfig.app.json",
      "prefix": "app",
      "styles": [
        "scss/application.scss"
      ],
      "scripts": [
        "../node_modules/jquery/dist/jquery.js",
        "../node_modules/popper.js/dist/umd/popper.js",
        "../node_modules/bootstrap/dist/js/bootstrap.js",
        "../node_modules/hammerjs/hammer.js"
      ],
      "environmentSource": "environments/environment.ts",
      "environments": {
        "dev": "environments/environment.ts",
        "prod": "environments/environment.prod.ts"
      }
    }
  ],
  "lint": [
    {
      "project": "src/tsconfig.app.json",
      "exclude": "**/node_modules/**"
    }
  ],
  "defaults": {
    "styleExt": "scss",
    "component": {},
    "serve": {
      "port": 6002
    }
  }
}
